query_id,query,precision_at_5,recall_at_5,ndcg_at_5,mrr,keyword_coverage,sku_accuracy,total_time,query_rewrite_time,llm_generate_time
Q001,不上火的奶粉,0.6,0.75,0.8318724637288826,1.0,1.0,0.6666666666666666,0.26331615447998047,0.0,0.0
Q002,适合3岁宝宝的有机奶粉,0.2,0.3333333333333333,0.46927872602275644,1.0,0.5,0.0,0.08355116844177246,0.0,0.0
Q003,含益生菌的配方奶粉推荐,0.6,1.0,1.0,1.0,0.6666666666666666,0.6666666666666666,0.06639385223388672,0.0,0.0
Q004,高端进口奶粉有哪些选择,0.0,0.0,0.0,0.0,0.0,0.0,0.06767582893371582,0.0,0.0
Q005,我家宝宝总是拉肚子，想要个好消化的,0.6,1.0,1.0,1.0,0.75,0.6666666666666666,0.08720898628234863,0.0,0.0
Q006,想要性价比高的，但是营养要跟得上,0.4,0.6666666666666666,0.7653606369886217,1.0,0.25,0.6666666666666666,0.07815194129943848,0.0,0.0
Q007,有没有无糖的奶粉,0.2,1.0,0.5,0.3333333333333333,1.0,0.3333333333333333,0.0945429801940918,0.0,0.0
Q008,1岁宝宝能喝的奶粉,0.4,1.0,0.9197207891481876,1.0,0.5,0.6666666666666666,0.13967466354370117,0.0,0.0
